run_id,hard_nelbo,soft_nelbo,global_nelbo,oracle_nelbo,hard_recon,global_recon,routing_acc,no_patient_overlap
seed42,472.8940734863281,514.5665893554688,329.0790100097656,472.8940734863281,435.849853515625,290.61181640625,1.0,True
seed43,457.9447937011719,498.6223449707031,333.8795166015625,457.9447937011719,420.4114074707031,296.1049499511719,1.0,True
seed44,427.5899963378906,466.16937255859375,289.41546630859375,427.5899963378906,392.034423828125,252.022216796875,1.0,True
